time_s,resting_left_deg,resting_right_deg,resting_left_target_deg,resting_right_target_deg,courtship_left_deg,courtship_right_deg,courtship_left_target_deg,courtship_right_target_deg
0.016667,0.0000,0.0000,0.0000,-0.0000,0.0000,0.0000,0.0000,-0.0000
0.033333,0.0000,0.0000,0.0000,-0.0000,0.0000,0.0000,0.0000,-0.0000
0.050000,0.0000,0.0000,0.0000,-0.0000,0.0628,0.0000,0.0000,-0.0000
0.066667,0.0000,0.0000,0.0000,-0.0000,0.0272,0.0000,0.0000,-0.0000
0.083333,0.1509,-0.2774,0.2560,-0.4705,0.0118,0.0000,0.0000,-0.0000
0.100000,0.1580,-0.2904,0.1111,-0.2041,1.8407,-0.0759,13.6988,-0.7246
0.116667,0.1086,-0.1996,0.0482,-0.0886,8.4124,-0.9918,13.2749,-1.3175
0.133333,0.0647,-0.1189,0.0210,-0.0386,11.0935,-0.9081,13.0917,-0.5745
0.150000,0.4745,-0.0577,4.6493,-0.1139,12.1977,-0.6011,13.0115,-0.2493
0.166667,11.5625,-0.1522,28.7345,-1.9710,19.4985,-7.5041,39.4727,-22.6162
0.183333,21.6128,-0.7792,29.7019,-0.8595,36.1071,-21.4334,49.0089,-31.9591
0.200000,26.3539,-0.6485,30.1254,-0.3729,43.2072,-27.1653,48.4094,-31.3029
0.216667,28.5595,-0.4157,30.3092,-0.1618,46.0634,-27.0088,48.1493,-22.2682
0.233333,29.5766,-0.1946,30.3886,-0.0000,42.4235,-19.8034,38.4844,-12.0539
0.250000,30.0497,-0.2680,30.4234,-0.0000,44.1633,-21.9862,40.8642,-31.8629
0.266667,25.1106,-0.4135,20.1801,-2.0684,47.5600,-31.7962,49.5618,-39.5550
0.283333,27.7375,-1.8283,38.6882,-4.9275,48.3633,-36.1787,48.6528,-39.5522
0.300000,34.0531,-3.5086,38.9779,-4.7138,39.7667,-29.8184,22.0049,-21.1324
0.316667,36.8917,-4.1585,39.1037,-4.6211,38.6729,-32.1707,48.6364,-47.6526
0.333333,38.1610,-4.4054,39.1580,-4.5810,49.5846,-46.3629,57.9300,-57.7219
0.350000,32.3961,-2.0620,12.9318,-0.0134,54.0654,-54.0909,57.2337,-65.2687
0.366667,15.0472,-0.8948,0.0000,-0.0000,50.7229,-57.5487,38.6795,-55.6436
0.383333,6.5460,-0.3892,0.0000,-0.0000,41.4022,-53.5402,40.5942,-58.1496
0.400000,4.1078,-5.1161,3.2041,-21.2842,40.6580,-55.9289,39.8049,-57.5271
0.416667,8.7192,-19.7345,13.5568,-31.4267,40.0502,-56.7375,39.4625,-57.2570
0.433333,11.3289,-22.0930,13.2146,-22.3233,40.2380,-53.8049,46.3519,-47.7199
0.450000,12.3441,-20.0607,13.0648,-13.4186,40.4509,-46.2285,39.0410,-31.2055
0.466667,8.8091,-10.7644,0.0498,-0.0514,34.7993,-37.3483,30.3810,-32.1014
0.483333,3.8503,-4.6838,0.0217,-0.0000,32.3171,-34.1195,30.4199,-31.3675
0.500000,1.6745,-2.0274,0.0094,-0.0000,31.5098,-37.3171,41.1473,-49.1735
0.516667,0.7282,-0.8776,0.0041,-0.0000,31.8110,-44.5952,23.6480,-40.0057
0.533333,0.3183,-0.5942,0.0018,-3.4170,22.0971,-37.4579,13.7994,-38.7636
0.550000,0.1384,-2.4275,0.0008,-4.0584,20.7491,-42.3607,29.2582,-46.6525
0.566667,0.0602,-1.8842,0.0003,-0.0000,23.6133,-37.8587,21.1829,-30.0852
0.583333,0.0263,-0.8197,0.0001,-0.0000,20.6505,-32.3174,12.7245,-21.7383
0.600000,0.0114,-0.3548,0.0001,-0.0000,21.5195,-32.2711,36.7609,-38.1450
0.616667,0.0050,-0.1536,0.0000,-0.0000,33.8577,-43.6573,46.2882,-55.3978
0.633333,0.0022,-0.0668,0.0000,-0.0000,38.6270,-47.7073,29.7254,-47.5796
0.650000,0.0009,-0.0289,0.0000,-0.0000,27.5365,-41.2783,20.5628,-38.5363
0.666667,0.0004,-0.0125,0.0000,-0.0000,35.0286,-51.6164,49.6640,-69.9929
0.683333,0.0002,-0.0054,0.0000,-0.0000,42.9488,-62.0000,48.6974,-69.9969
0.700000,0.0084,-0.0876,0.0000,-0.6837,45.8418,-62.3075,39.5243,-48.2987
0.716667,0.0036,-0.8788,0.0000,-1.5466,38.2378,-41.6156,30.5907,-22.0494
0.733333,0.0016,-0.7531,0.0000,-0.0000,40.4475,-37.7139,46.8230,-29.7033
0.750000,0.0007,-0.3260,0.0000,-0.0000,49.8372,-36.8570,49.6166,-32.4516
0.766667,0.0003,-0.1411,0.0000,-0.0000,53.9068,-38.9638,58.5429,-41.3003
0.783333,0.8498,-0.6634,3.0514,-0.0000,56.1515,-42.2971,57.5036,-48.3585
0.800000,7.3022,-2.7218,13.4802,-5.0107,50.8800,-39.3419,30.7987,-38.5804
0.816667,10.6973,-3.9255,13.1800,-4.7499,35.9179,-30.6723,21.8513,-21.6293
0.833333,12.0532,-2.8788,13.0503,-0.0872,27.9400,-25.6488,21.7660,-21.8666
0.850000,12.5981,-1.2777,12.9935,-0.0378,24.5849,-23.4972,28.6920,-29.0411
0.866667,12.8135,-2.7638,12.9689,-4.1260,19.0843,-14.6843,13.7527,-0.7945
0.883333,10.4027,-1.8802,4.2082,-0.0000,15.9089,-6.6755,13.3000,-0.3464
0.900000,4.6484,-0.8139,0.0036,-0.0000,14.3575,-3.0150,13.1019,-0.1503
0.916667,2.0134,-0.3523,0.0016,-0.0000,20.1949,-6.5089,37.0819,-20.0098
0.933333,0.8765,-0.1533,0.0007,-0.0000,31.1516,-14.8950,40.6911,-23.5409
0.950000,0.3796,-0.0663,0.0003,-0.0000,28.1263,-11.2400,22.3470,-5.1969
0.966667,0.1644,-0.0287,0.0001,-0.0000,20.9475,-7.0952,20.9906,-11.9694
0.983333,0.0716,-0.0125,0.0000,-0.0000,24.1078,-10.6446,29.5126,-12.1102
1.000000,0.3320,-0.0683,0.5965,-0.1258,27.3653,-17.0786,30.0433,-13.7098
1.016667,0.3597,-0.0751,0.2588,-0.0546,29.7448,-16.2081,38.1187,-21.3671
1.033333,0.2501,-0.0524,0.1129,-0.0238,39.8736,-27.5586,65.0824,-48.5750
1.050000,0.1491,-0.0313,0.0490,-0.0103,52.3008,-49.0108,47.7905,-57.0476
1.066667,0.0823,-0.0173,0.0212,-0.0045,52.3975,-54.7161,47.4404,-56.4363
1.083333,0.0435,-0.0091,0.0093,-0.0020,55.0377,-61.0780,63.8881,-68.5435
1.100000,0.0222,-0.0047,0.0040,-0.0008,62.0049,-66.0357,70.8114,-70.8872
1.116667,0.0111,-0.0023,0.0017,-0.0004,61.3792,-66.2791,48.3020,-57.4349
1.133333,0.0054,-0.0011,0.0008,-0.0002,46.9203,-54.0558,30.6035,-39.7178
1.150000,0.0026,-0.0005,0.0003,-0.0000,40.7345,-49.8152,46.4021,-55.6105
1.166667,0.0013,-0.0002,0.0001,-0.0000,44.1383,-52.4092,38.5284,-49.2099
1.183333,0.0006,-0.0001,0.0001,-0.0000,43.1103,-46.9681,39.8662,-39.9467
1.200000,0.0003,-0.0000,0.0000,-0.0000,46.6611,-46.0139,49.1467,-48.6188
1.216667,0.0001,-0.0000,0.0000,-0.0000,48.5382,-50.9676,47.6667,-55.7851
1.233333,0.0001,-0.0000,0.0000,-0.0000,48.6222,-55.1215,41.9874,-58.7237
1.250000,0.0000,-0.0000,0.0000,-0.0000,44.2877,-44.1973,40.4094,-31.5262
1.266667,0.0000,-0.0000,0.0000,-0.0000,36.9170,-33.4400,30.9747,-22.3651
1.283333,0.0000,-0.0000,0.0000,-0.0000,27.6081,-19.9588,13.1788,-4.6874
1.300000,0.0201,-0.0000,0.0000,-0.0000,19.9152,-15.2798,12.3988,-19.8706
1.316667,0.6284,-0.5147,0.7901,-0.6778,17.7665,-28.0992,23.0901,-49.7404
1.333333,0.5592,-1.1090,0.3445,-1.4494,20.4916,-45.2802,22.3062,-58.6467
1.350000,0.3668,-1.0049,0.1495,-0.6289,17.9489,-48.1939,4.4630,-40.2428
1.366667,0.2129,-0.6627,0.0649,-0.2729,11.1295,-43.3047,12.1727,-39.0795
1.383333,0.1161,-0.3109,0.0283,-0.0000,13.4139,-47.3676,22.5509,-57.9447
1.400000,0.0605,-0.1346,0.0123,-0.0000,13.6151,-55.5404,13.3192,-59.5409
1.416667,0.0306,-0.0582,0.0053,-0.0000,11.6063,-52.0069,4.3602,-40.6307
1.433333,0.0152,-0.3018,0.0023,-0.0000,5.9554,-36.2045,0.0698,-13.7713
1.450000,1.2748,-5.8403,3.1934,-22.4336,3.4838,-29.8170,2.9989,-29.8007
1.466667,8.1378,-15.1724,13.4119,-22.2164,11.8693,-38.2778,23.5517,-50.2699
1.483333,11.0236,-17.7491,13.1514,-13.3726,18.0931,-44.6526,22.5074,-49.1590
1.500000,5.8093,-8.8981,0.0874,-0.0315,17.3395,-40.2664,13.3003,-22.4227
1.516667,2.5462,-3.8630,0.0379,-0.0137,17.4399,-25.7596,20.3656,-12.0687
1.533333,1.1214,-1.6824,0.0165,-0.0000,23.8467,-18.1898,30.9992,-13.8998
1.550000,0.4914,-0.7282,0.0072,-0.0000,27.7906,-15.6337,30.6883,-13.5602
1.566667,0.2153,-0.3152,0.0031,-0.0000,31.4332,-15.9872,37.6805,-20.6138
1.583333,0.0948,-0.1371,0.0014,-0.0000,32.9878,-16.8207,31.0437,-13.8510
1.600000,0.0415,-0.0594,0.0006,-0.0000,31.7635,-8.3691,30.7076,-0.2391
1.616667,0.0182,-0.0257,0.0003,-0.0000,31.1118,-3.7092,30.5618,-0.1037
1.633333,0.0079,-0.0112,0.0000,-0.0000,31.9025,-2.5369,38.3880,-3.8318
1.650000,0.0753,-0.1891,0.0947,-0.2598,38.0794,-5.3895,50.2297,-15.6594
1.666667,0.0669,-0.1759,0.0411,-0.1127,42.4306,-8.8142,41.1872,-6.5669
1.683333,0.0440,-0.1173,0.0179,-0.0491,44.9169,-11.0114,50.1306,-15.4357
1.700000,0.0255,-0.0522,0.0078,-0.0000,47.4267,-13.6080,48.8961,-22.0396
1.716667,0.0139,-0.0226,0.0034,-0.0000,45.3359,-14.6286,38.8394,-12.4970
1.733333,0.0073,-0.0098,0.0015,-0.0000,38.7750,-14.3592,40.8890,-23.0201
1.750000,0.0037,-0.0043,0.0006,-0.0000,48.9497,-26.6659,72.3217,-50.9862
1.766667,0.0018,-0.0018,0.0003,-0.0000,62.6733,-41.8680,73.7539,-52.3000
1.783333,0.0009,-0.0008,0.0001,-0.0000,66.4614,-43.3188,67.0869,-41.2961
1.800000,0.0004,-0.0003,0.0001,-0.0000,66.4805,-41.8136,66.1602,-40.3076
1.816667,0.0002,-0.0002,0.0000,-0.0000,66.9058,-43.0582,69.5096,-47.9098
1.833333,0.0001,-0.0001,0.0000,-0.0000,68.3844,-50.8786,71.0446,-57.9443
1.850000,0.9112,-0.5781,1.8939,-1.1233,67.0253,-48.9266,57.1532,-39.2843
1.866667,1.0802,-0.6569,0.8217,-0.4874,56.9213,-43.1417,48.1466,-38.9356
1.883333,0.7671,-0.7376,0.3583,-3.8348,55.7667,-44.6015,55.6369,-46.8979
1.900000,0.4618,-0.4323,0.1555,-0.0000,61.3545,-51.0864,65.9148,-48.6085
1.916667,0.2562,-1.5337,0.0675,-0.0000,61.8056,-47.8176,56.9016,-39.6838
1.933333,0.1358,-2.3422,0.0294,-3.7279,58.2816,-38.4264,48.0379,-22.1084
1.950000,0.0652,-7.5707,0.0000,-19.4956,47.0473,-27.8046,29.0098,-19.7691
1.966667,5.8226,-21.1290,25.4051,-32.1434,39.0254,-29.8529,32.3740,-39.4686
1.983333,16.1330,-29.6823,23.3156,-41.6474,39.0843,-40.7028,39.5570,-49.1998
2.000000,19.8753,-36.0381,22.4010,-40.4600,39.2792,-45.3373,39.3549,-48.6904
2.016667,20.5733,-36.9165,13.2541,-31.1948,48.7210,-57.0359,65.1166,-71.9980
2.033333,12.6938,-23.9133,4.3326,-4.7222,52.0680,-65.7328,47.8046,-72.0023
2.050000,5.7050,-10.5398,0.0575,-0.0000,49.6798,-67.4076,47.8869,-66.6687
2.066667,2.4903,-4.5622,0.0250,-0.0000,48.6759,-65.8900,47.9226,-68.8107
2.083333,1.0924,-1.9847,0.0109,-0.0000,45.0672,-66.2631,46.4704,-67.1318
2.100000,0.4768,-1.3311,0.0047,-3.2108,50.5485,-68.3476,58.2876,-72.4875
2.116667,0.2081,-1.4762,0.0020,-3.1125,58.9013,-70.8593,67.3102,-72.1498
2.133333,1.3727,-7.9166,3.1945,-19.5986,63.2740,-71.1225,66.2611,-69.9621
2.150000,4.5520,-12.8871,0.6396,-4.5150,65.6993,-70.1655,66.7413,-69.4208
2.166667,2.2019,-6.0864,0.2775,-0.0000,59.6115,-69.8619,48.5103,-69.7487
2.183333,1.0583,-2.6478,0.1210,-0.0000,48.6641,-69.8490,39.4443,-69.8904
2.200000,0.5019,-1.1461,0.0525,-0.0000,44.8736,-69.1445,47.2413,-67.8852
2.216667,0.2363,-0.4961,0.0228,-0.0000,39.3674,-69.5297,22.4577,-70.1746
2.233333,0.1110,-2.1580,0.0099,-3.9538,29.6599,-70.5471,22.0304,-71.1047
2.250000,0.0508,-4.4830,0.0000,-11.6313,30.4445,-70.9982,31.5766,-70.9362
2.266667,0.0775,-13.2668,1.1168,-20.8653,30.8555,-70.7711,30.9388,-70.4062
2.283333,2.9835,-23.0477,5.7956,-31.2521,30.7984,-70.0233,29.2493,-68.7578
2.300000,4.2512,-21.3913,4.8923,-13.4961,34.1194,-68.3420,40.8169,-67.6632
2.316667,4.4728,-15.5786,4.5004,-4.6351,33.9291,-63.4783,31.1515,-57.8584
2.333333,2.1014,-6.9104,0.1310,-0.0371,32.2173,-59.8822,30.7559,-48.6525
2.350000,0.9570,-3.0030,0.0568,-0.0000,31.3556,-51.9337,29.3491,-40.4164
2.366667,0.4245,-1.3528,0.0000,-0.0000,36.0926,-53.1367,39.6032,-57.8450
2.383333,1.5460,-2.0294,5.0384,-4.8724,37.9940,-55.6352,39.3758,-57.3967
2.400000,3.3548,-1.0256,4.5638,-0.1399,37.0823,-51.6421,30.5263,-46.8642
2.416667,3.9658,-0.4946,4.3578,-0.0607,37.4426,-50.6667,48.7218,-55.1029
2.433333,4.1552,-0.2371,4.2688,-0.0265,48.2370,-54.8779,56.5983,-57.0951
2.450000,3.4606,-0.1115,0.0299,-0.0000,48.5231,-52.9724,47.9059,-49.1917
2.466667,1.5088,-0.0483,0.0130,-0.0000,52.1604,-56.5171,56.1717,-64.9160
2.483333,0.6587,-0.0210,0.0000,-0.0000,49.3357,-57.7253,38.9696,-58.4032
2.500000,0.2851,-0.5331,0.0000,-2.2697,32.3825,-51.6434,12.8501,-39.5828
2.516667,0.1234,-6.7562,0.0000,-13.3812,23.9181,-48.4843,20.9796,-55.5207
2.533333,0.0537,-10.4826,0.0000,-13.3354,37.1908,-58.8231,57.8366,-68.5248
2.550000,0.0232,-13.9355,0.0000,-12.6484,47.2531,-65.3417,49.3879,-70.3000
2.566667,0.0101,-8.2057,0.0000,-0.0000,43.2458,-62.7564,39.8239,-57.1801
2.583333,0.0044,-3.5697,0.0000,-0.0000,48.3366,-64.5273,55.8546,-68.8323
2.600000,0.0019,-6.0774,0.0000,-11.4240,52.7738,-65.1065,56.3332,-56.5433
2.616667,0.1492,-13.6403,1.0620,-22.4371,49.2830,-56.9379,38.4282,-47.3997
2.633333,0.4491,-18.5315,0.4631,-22.2188,38.3650,-47.3556,30.1135,-46.9657
2.650000,0.3620,-20.0797,0.2009,-13.3732,43.7586,-51.2329,57.1052,-65.4750
2.666667,0.2295,-19.6982,0.0872,-21.5077,51.3215,-57.3044,58.0239,-58.0629
2.683333,0.1241,-15.0240,0.0000,-11.2588,54.8391,-56.3452,57.2773,-48.7417
2.700000,0.0537,-10.5395,0.0000,-3.1264,59.9530,-59.0516,70.7420,-69.6750
2.716667,0.0233,-4.8857,0.0000,-0.0000,67.1518,-66.3201,72.7054,-72.3491
2.733333,0.0101,-3.8544,0.0000,-3.7741,62.0132,-59.9765,49.1297,-40.5743
2.750000,0.2766,-5.8419,3.2077,-19.3083,49.8196,-44.0972,39.7118,-31.2444
2.766667,8.4590,-20.8398,22.1448,-39.2362,46.0601,-39.8024,58.0763,-49.7244
2.783333,14.5127,-27.9146,13.1440,-21.9132,56.9663,-49.8906,68.1143,-59.8125
2.800000,8.2648,-16.7661,0.0842,-4.4906,62.7425,-60.2919,66.6059,-67.9433
2.816667,3.6079,-7.9951,0.0365,-0.0000,61.2745,-64.5017,57.2015,-69.4101
2.833333,1.5828,-4.6937,0.0159,-3.8617,63.5518,-67.2403,70.6089,-69.9922
2.850000,0.6909,-7.1452,0.0069,-12.3476,63.6013,-68.4396,56.9642,-69.5562
2.866667,0.3009,-10.3367,0.0000,-20.1093,56.0247,-69.8891,48.0646,-70.6927
2.883333,0.9467,-21.4471,0.0000,-20.0681,60.5790,-71.0396,72.5325,-72.3042
2.900000,3.3216,-22.5461,11.9348,-22.0933,64.1854,-70.7353,57.7988,-66.7997
2.916667,8.4147,-24.4470,12.5095,-30.0890,53.2015,-61.6271,39.6767,-48.7338
2.933333,10.8177,-23.4327,12.7579,-21.7400,50.3515,-59.7186,63.2633,-67.8659
2.950000,11.2048,-17.2618,4.1167,-0.0000,59.6724,-65.1181,68.4567,-69.6105
2.966667,6.4933,-8.7348,2.7796,-2.6962,63.6816,-67.2856,56.0304,-68.4813
2.983333,15.2981,-15.8910,29.7378,-29.8941,57.6004,-69.3070,58.5752,-72.0700
3.000000,23.6335,-24.0185,30.1410,-30.4070,57.7687,-70.4495,57.5136,-70.8981
3.016667,27.3876,-27.7223,30.3159,-30.6295,57.4572,-68.1615,57.0530,-57.4397
3.033333,29.0692,-28.8512,30.3915,-30.0139,55.5420,-60.7104,48.9742,-49.4109
3.050000,29.8312,-26.6086,30.4246,-21.7089,59.4201,-58.5296,74.0000,-74.0000
3.066667,28.5135,-19.6928,21.6890,-4.4020,67.5784,-66.1916,73.5211,-72.9745
3.083333,20.6577,-8.9132,12.9452,-0.0000,67.0606,-64.6431,58.2354,-58.3471
3.100000,10.7757,-4.0259,2.5331,-2.5513,61.7406,-60.9580,57.3662,-65.3776
3.116667,13.7032,-4.0661,21.9303,-5.1424,63.7667,-64.7232,68.9140,-68.3180
3.133333,18.3045,-4.5538,21.8004,-4.8083,64.7428,-68.0566,57.9053,-72.0461
3.150000,20.2666,-4.6452,21.7436,-4.6621,62.4171,-69.0900,58.1630,-67.6231
3.166667,15.6388,-2.1120,4.2189,-0.0486,59.7044,-64.8558,57.3348,-57.1806
3.183333,6.9834,-0.9362,0.0082,-0.0000,59.0200,-64.3196,57.0016,-65.9361
3.200000,3.0258,-0.4052,0.0036,-0.0000,65.7791,-69.3339,72.1240,-74.0000
3.216667,1.3110,-0.1754,0.0016,-0.0000,68.9420,-71.4567,70.9215,-71.5483
3.233333,0.5708,-0.0763,0.0000,-0.0000,68.6920,-71.1938,65.8518,-70.6751
3.250000,6.6266,-0.0834,31.2733,-0.1061,67.4145,-70.2779,63.6568,-68.9559
3.266667,26.2480,-3.8795,51.2049,-17.3000,69.2369,-70.6160,71.5742,-71.2006
3.283333,39.6863,-10.3692,49.3693,-6.3181,69.9475,-70.6374,70.0488,-71.6704
3.300000,41.8789,-5.9296,31.0658,-0.7671,69.9950,-70.8760,70.0212,-69.7248
3.316667,28.4905,-2.7363,13.2172,-0.0000,69.7801,-70.2758,70.4034,-69.9454
3.333333,19.8072,-1.1904,13.0665,-0.0000,70.0502,-70.3287,70.1759,-70.7360
3.350000,15.9604,-0.5153,13.0005,-0.0000,70.0854,-70.4088,70.0763,-70.3193
3.366667,14.2714,-2.4365,12.9719,-11.5116,70.0646,-70.1185,70.0331,-69.3279
3.383333,20.1610,-14.3212,29.2800,-20.0717,70.0430,-70.0974,70.1010,-72.4443
3.400000,25.5727,-17.9882,29.9424,-21.1917,71.3678,-71.5746,72.2377,-72.1972
3.416667,28.1551,-20.0560,30.2298,-29.4326,71.0423,-71.4772,70.5148,-70.9533
3.433333,35.8140,-24.2879,50.7758,-22.7810,70.6396,-70.9874,70.2245,-70.4157
3.450000,30.9165,-20.5887,5.4260,-14.5956,69.7326,-70.0052,67.8734,-68.9189
3.466667,14.6045,-10.3493,0.5319,-0.5621,68.6148,-67.7141,55.7773,-47.3218
3.483333,6.5458,-4.7056,0.2320,-0.2451,58.3456,-51.7203,47.5477,-30.3735
3.500000,2.9174,-2.1256,0.1006,-0.1063,57.3028,-48.3853,66.2509,-58.9426
3.516667,1.2992,-0.9399,0.0437,-0.0000,52.4542,-53.7143,39.5475,-47.9398
3.533333,1.2086,-4.2470,2.9181,-19.0603,45.0917,-43.5601,39.3515,-30.6429
3.550000,15.0284,-14.8894,29.9194,-21.8341,45.0978,-48.8100,49.3903,-58.8803
3.566667,23.5826,-14.1978,30.2198,-4.4563,47.2369,-52.4511,48.5749,-49.0941
3.583333,20.1366,-6.3927,12.8496,-0.0000,37.9222,-43.2107,21.9725,-30.2369
3.600000,16.4023,-2.7936,20.7004,-2.7427,27.1194,-35.9068,31.2410,-48.3035
3.616667,26.1785,-6.5819,47.6027,-3.2032,29.0179,-51.7022,31.9186,-66.3236
3.633333,40.5689,-10.2689,50.0793,-15.0992,30.3582,-59.8564,31.0904,-66.0283
3.650000,45.5260,-8.1412,48.8738,-5.3306,23.7456,-56.7816,4.4778,-48.3991
3.666667,47.2353,-6.3871,48.3508,-4.8887,14.6935,-50.7222,20.0576,-55.4698
3.683333,47.7841,-9.8001,48.1248,-12.9800,23.1816,-59.2657,39.5545,-69.8737
3.700000,50.8072,-18.2203,63.8805,-37.2187,32.7963,-64.3863,31.5533,-57.9687
3.716667,61.5102,-33.5685,70.3272,-49.9312,31.8651,-53.3321,30.9287,-39.9486
3.733333,66.0903,-36.7736,66.4735,-23.6422,33.7613,-48.5674,46.4704,-55.5796
3.750000,53.5149,-24.9499,39.6441,-13.9908,38.5018,-41.1660,38.5580,-30.1620
3.766667,45.5571,-18.5929,39.3927,-13.5997,38.6653,-35.0560,38.9215,-30.5232
3.783333,42.0352,-15.7110,39.2840,-13.4307,38.8667,-36.5017,39.0785,-38.0151
3.800000,42.1156,-20.9453,46.2430,-27.8997,38.6284,-39.8011,29.1888,-28.8860
3.816667,37.6330,-21.6268,20.9594,-20.7916,37.4281,-32.9259,41.1550,-32.5499
3.833333,19.4355,-16.0931,0.0000,-11.9764,39.1363,-35.4996,40.0525,-47.4501
3.850000,8.4128,-16.9438,0.0000,-20.8381,42.3428,-49.4074,47.6758,-69.2911
3.866667,4.9724,-22.4361,11.1827,-37.3998,48.9405,-61.5400,39.9575,-70.6467
3.883333,11.7543,-26.6413,20.2917,-29.8624,38.5899,-59.7618,22.0303,-48.5820
3.900000,19.1284,-27.0989,13.2697,-13.7829,24.5062,-48.8439,13.0933,-39.6723
3.916667,11.3717,-14.1358,4.3387,-0.2095,20.2931,-51.8621,23.3354,-59.4998
3.933333,5.0070,-6.2194,0.0605,-0.0000,18.8766,-52.4907,4.9131,-40.6182
3.950000,2.6739,-3.5117,3.3698,-11.1474,14.0294,-49.5751,20.4080,-56.0139
3.966667,8.1231,-13.6781,19.9458,-39.2139,23.6459,-58.0475,49.5126,-72.5668
3.983333,29.3377,-32.8414,48.6385,-49.2456,46.3690,-66.2755,69.8716,-73.5676
4.000000,37.8211,-32.6846,30.7487,-13.7103,58.2684,-68.4225,65.3943,-67.3479
4.016667,33.7488,-21.8393,30.5796,-13.4780,55.7031,-61.7073,47.9258,-56.7798
4.033333,31.9320,-15.0731,30.5065,-4.6276,60.8506,-62.4879,70.6005,-66.0064
4.050000,33.1607,-10.4916,46.2260,-11.9015,64.6201,-61.9991,65.7105,-47.2431
4.066667,40.4058,-18.1492,40.0570,-22.0766,64.3268,-55.0678,65.0665,-63.0609
4.083333,36.8306,-25.7418,30.8237,-31.7516,67.4100,-62.2581,70.6454,-70.0809
4.100000,28.6410,-24.0705,21.8621,-22.4629,69.1126,-66.6782,70.2800,-70.0351
4.116667,24.7632,-23.0741,21.7703,-22.2291,69.4287,-67.5358,68.4399,-68.6986
4.133333,23.0580,-24.1773,21.7307,-21.3983,69.9230,-69.1951,70.2650,-70.3582
4.150000,21.0041,-20.7635,12.9633,-4.2673,70.0626,-69.7813,70.1150,-70.1554
4.166667,14.3466,-13.1512,11.3605,-2.3613,70.0687,-69.9616,70.0499,-70.0674
4.183333,7.6073,-7.1038,4.4974,-5.1847,68.4182,-67.5933,63.9212,-64.4852
4.200000,5.7826,-5.8852,4.3291,-4.8254,69.0364,-68.0650,71.2876,-69.1039
4.216667,4.9317,-5.2277,4.2560,-4.6695,70.7710,-69.5528,71.4618,-70.5465
4.233333,4.5386,-6.2461,4.2244,-12.5210,70.8642,-70.0032,70.6374,-70.2383
4.250000,3.6330,-6.7888,0.0000,-11.1903,70.6049,-65.1272,70.2766,-57.1534
4.266667,2.9544,-4.0858,2.4727,-0.0000,69.1064,-57.9798,68.5300,-46.8172
4.283333,8.6825,-2.0785,13.0777,-0.2578,69.0401,-54.7694,70.8630,-57.4227
4.300000,11.1490,-0.9930,13.0054,-0.1119,69.8776,-56.8320,69.3893,-65.0386
4.316667,12.1905,-0.4703,12.9740,-0.0485,70.0228,-62.3774,72.3871,-65.9583
4.333333,12.6283,-1.1014,12.9605,-0.0000,66.6940,-48.8726,57.7409,-30.8690
4.350000,17.5734,-6.7008,29.0438,-19.8995,61.4028,-41.5816,57.1516,-46.6927
4.366667,29.8699,-15.7408,30.3717,-12.9148,65.6034,-51.4752,72.5004,-69.1493
4.383333,24.1749,-12.3875,12.9158,-4.3821,68.9918,-61.3392,71.0903,-66.4173
4.400000,17.7964,-7.8817,12.9352,-4.4771,61.5069,-49.1513,48.4230,-31.0678
4.416667,19.1767,-16.9902,28.9494,-39.7911,54.1250,-43.3025,55.5220,-49.0235
4.433333,30.5095,-28.3073,39.4579,-30.9051,62.3697,-54.9165,69.8240,-66.3752
4.450000,34.5810,-27.6840,30.5619,-13.3456,66.6334,-61.2973,69.9236,-66.0496
4.466667,26.4638,-15.6123,12.9986,-4.5698,66.1550,-62.8882,56.6669,-56.6203
4.483333,13.9233,-7.9342,4.2212,-3.8469,61.1396,-61.9068,63.7498,-63.6541
4.500000,8.4165,-5.7603,4.2092,-4.2449,65.0528,-65.9034,66.0133,-69.9295
4.516667,6.0284,-9.0683,4.2040,-12.6735,58.6102,-63.3221,39.4444,-57.0194
4.533333,7.7305,-13.5520,20.0380,-28.3689,49.3174,-61.6033,47.2541,-65.0156
4.550000,16.5116,-16.0385,21.8185,-13.6975,53.7950,-65.8126,66.3054,-70.1945
4.566667,10.7182,-7.6630,4.2514,-0.1725,53.3246,-67.6231,40.7721,-58.2320
4.583333,7.0542,-3.3960,4.2224,-0.0752,47.0713,-59.1748,47.7791,-56.7589
4.600000,5.4436,-3.5663,4.2097,-4.1126,57.6429,-63.9322,71.5190,-71.2952
4.616667,2.6450,-1.5443,0.0042,-0.0000,65.8880,-68.2416,71.6927,-70.8845
4.633333,2.1611,-1.8485,12.4954,-13.2455,62.4812,-68.3573,57.4381,-69.4899
4.650000,8.1153,-8.3234,12.7528,-13.2764,61.3362,-68.8498,65.0030,-69.0810
4.666667,10.7859,-14.2208,12.8644,-23.4562,65.2441,-68.5995,68.6514,-68.3601
4.683333,11.9776,-16.5955,12.9127,-13.9132,67.2220,-68.0181,64.8620,-65.0849
4.700000,12.5156,-14.9485,12.9338,-13.5660,66.1709,-61.8810,66.5763,-58.0938
4.716667,12.7561,-12.5686,12.9430,-12.7778,66.1699,-59.5191,65.9387,-57.5029
4.733333,9.9122,-9.0933,0.0000,-0.0000,64.1747,-56.2481,56.9131,-48.4975
4.750000,4.2906,-3.9361,0.0000,-0.0000,54.8412,-43.0907,47.0865,-37.9399
4.766667,3.8987,-6.3530,10.4919,-11.6757,55.4019,-41.8635,65.5267,-48.5669
4.783333,8.1232,-9.6903,11.8781,-12.5917,63.9874,-49.4142,70.4425,-49.3195
4.800000,10.4726,-6.8157,12.4849,-4.2427,56.1210,-38.5619,39.3920,-13.7423
4.816667,11.7093,-4.1463,12.7482,-0.0000,44.3257,-18.4573,46.2780,-4.0011
4.833333,7.1131,-2.6740,4.4350,-4.1470,53.4778,-19.5643,65.4909,-24.2475
4.850000,5.5460,-10.9744,4.3020,-20.7871,61.8625,-19.0896,66.5931,-14.2535
4.866667,4.8196,-17.3294,4.2442,-20.8894,57.6642,-12.4072,56.2957,-12.0808
4.883333,4.4855,-22.1418,4.2193,-29.6135,61.0252,-12.4706,70.0795,-12.7684
4.900000,4.3306,-26.6227,4.2084,-30.2852,66.1440,-9.8885,70.0345,-4.3193
4.916667,4.2596,-27.4063,4.2036,-29.8017,68.3434,-7.6251,70.0150,-12.3041
4.933333,9.9595,-36.6715,20.4109,-54.0118,68.8386,-20.6434,69.7248,-49.8480
4.950000,20.2972,-50.1325,31.0917,-56.9090,70.4580,-46.4164,71.4451,-59.6575
4.966667,13.3747,-46.0392,0.2784,-39.4888,71.2122,-53.5995,70.8225,-50.3482
4.983333,5.9191,-42.3509,0.1214,-39.5233,70.5183,-49.5669,68.7075,-56.3209
5.000000,2.6371,-41.7399,3.2577,-47.4103,71.1446,-60.9055,71.4188,-71.9510
5.016667,10.0347,-52.9972,30.3230,-69.1959,71.0091,-65.6640,70.6156,-66.6465
5.033333,22.7810,-60.9203,13.9759,-57.2060,70.6617,-56.4978,70.2684,-39.9191
5.050000,17.5769,-50.7416,13.3951,-39.6177,70.3836,-51.3875,70.1165,-47.9971
5.066667,15.1139,-40.9968,13.1431,-30.8294,70.2082,-49.0747,70.0505,-38.7713
5.083333,13.9612,-32.4161,13.0342,-22.0628,68.5046,-44.0461,56.7220,-47.0373
5.100000,13.4182,-26.5417,12.9865,-22.0556,66.7145,-52.1434,68.7669,-70.1824
5.116667,13.1659,-23.2154,12.9659,-21.2045,68.7928,-63.0086,70.5681,-71.1550
5.133333,7.7674,-15.2204,0.0069,-10.5907,62.1730,-63.3496,48.1977,-49.7343
5.150000,4.6709,-9.5187,3.0376,-3.3745,45.4354,-43.6608,21.8075,-22.6723
5.166667,3.9829,-9.8064,3.6957,-12.2273,25.0762,-30.8628,4.2466,-21.8134
5.183333,3.9231,-11.3921,3.9801,-12.8322,12.3039,-24.6742,0.0000,-20.2254
5.200000,3.9608,-15.0475,0.0000,-12.5724,5.4959,-23.3999,0.6951,-30.6093
5.216667,1.7145,-7.8626,0.0000,-0.0000,5.6270,-27.5278,5.4230,-30.7173
5.233333,0.7458,-3.4205,0.0000,-0.0000,5.2632,-29.3465,4.7333,-30.7639
5.250000,0.3228,-1.4806,0.0000,-0.0000,4.8533,-27.8853,4.4314,-30.0902
5.266667,0.2211,-1.2432,0.9064,-4.3368,5.0919,-31.1983,12.1133,-45.6139
5.283333,0.4241,-3.0343,0.3953,-4.4571,14.3951,-43.3018,31.3281,-57.2213
5.300000,0.3267,-3.8603,0.1715,-4.5097,17.1263,-44.4036,13.3310,-30.8743
5.316667,0.2035,-3.5278,0.0744,-0.0000,10.9412,-32.6420,4.3653,-22.0822
5.333333,0.1154,-1.5347,0.0324,-0.0000,7.1924,-21.9634,4.2721,-13.3141
5.350000,0.0617,-0.6643,0.0141,-0.0000,7.3571,-21.8159,12.2102,-29.3980
5.366667,0.0318,-0.2876,0.0061,-0.0000,19.2939,-28.4772,39.4453,-40.1403
5.383333,0.0141,-0.2836,0.0000,-1.6760,32.7701,-35.8265,40.6679,-32.4115
5.400000,0.0061,-0.2942,0.0000,-0.0000,30.7423,-24.6571,22.3369,-5.2492
5.416667,0.0026,-0.1274,0.0000,-0.0000,21.0981,-13.9953,13.2263,-12.6616
5.433333,0.0011,-0.0554,0.0000,-0.0000,26.1306,-20.5325,37.5020,-29.4074
5.450000,0.0005,-0.8978,0.0000,-0.0000,37.4693,-26.4678,46.7706,-31.5635
5.466667,0.0185,-0.8442,0.5264,-2.0887,42.3957,-23.6498,38.6883,-4.8813
5.483333,0.1985,-1.1228,0.2295,-0.9108,35.1262,-10.9603,21.4769,-0.1445
5.500000,0.1690,-0.8158,0.0996,-0.3952,28.9516,-5.1721,29.5426,-3.0763
5.516667,0.1092,-0.4962,0.0432,-0.1715,36.0439,-12.3529,46.3701,-30.9890
5.533333,0.0631,-0.2779,0.0188,-0.0748,47.8681,-22.8433,56.8876,-30.8824
5.550000,0.9755,-3.5455,11.2123,-11.9625,50.9051,-22.1369,48.0314,-13.3358
5.566667,7.1376,-14.1989,12.1961,-11.6905,39.8803,-11.4471,21.7353,-0.0155
5.583333,9.0677,-10.3017,4.9799,-0.3958,26.7913,-5.0888,12.9654,-0.0000
5.600000,6.5894,-5.6030,4.5384,-3.9883,18.9469,-2.3150,12.9567,-3.3017
5.616667,5.3568,-4.8024,4.3468,-4.3063,15.5482,-2.8798,12.9529,-0.0000
5.633333,4.7563,-6.3455,4.2640,-12.4149,7.9759,-1.2528,0.0013,-0.0000
5.650000,5.1342,-10.8336,11.2939,-19.4205,3.4527,-0.5423,0.0000,-0.0000
5.666667,13.9228,-16.0909,22.1027,-14.5226,7.3486,-3.9745,23.3181,-15.1325
5.683333,18.4624,-20.3139,21.8756,-23.5278,16.0420,-9.9060,22.4056,-14.0991
5.700000,20.3621,-21.8336,21.7762,-22.6912,17.8115,-9.3155,13.2561,-4.0614
5.716667,21.1485,-22.1885,21.7331,-22.3282,9.4681,-4.2096,0.1328,-0.0000
5.733333,21.4720,-22.2109,21.7144,-22.1713,4.1670,-1.8313,0.0579,-0.0000
5.750000,25.0122,-26.9082,28.1607,-29.1284,1.8247,-0.7927,0.0251,-0.0000
5.766667,31.4132,-25.2891,39.4077,-30.3563,1.8216,-4.7740,3.0841,-11.5935
5.783333,31.9572,-24.2636,30.5406,-21.8565,11.6569,-5.8537,23.4827,-3.8059
5.800000,31.1352,-20.5701,30.4893,-13.2161,17.9983,-4.7005,22.4735,-0.0000
5.816667,30.7608,-16.5299,30.4670,-21.0235,20.3778,-2.0346,22.0356,-0.0000
5.833333,31.3687,-19.7818,38.3026,-28.6586,21.2462,-0.8851,21.8463,-0.0000
5.850000,36.6002,-22.5666,29.5489,-11.8668,20.9749,-1.7244,28.7318,-2.5768
5.866667,20.9712,-11.2892,0.0000,-0.0000,14.6098,-2.7685,0.0000,-12.3247
5.883333,9.1231,-4.9112,0.0000,-0.0000,8.9948,-11.8500,4.8484,-21.0564
5.900000,3.9490,-2.1258,0.0000,-0.0000,6.5103,-17.4441,4.4813,-20.8244
5.916667,1.7093,-0.9202,0.0000,-0.0000,5.3019,-19.6125,4.3221,-21.5182
5.933333,3.5406,-7.2251,11.5352,-19.9523,4.7235,-21.7947,4.2532,-21.2469
5.950000,6.9226,-5.1195,4.9972,-0.0000,7.1137,-27.1332,20.0510,-36.9444
5.966667,5.7308,-3.0572,5.9553,-0.5786,12.8086,-27.6245,22.0217,-31.3070
5.983333,5.5009,-1.5141,4.9654,-0.0000,10.3145,-29.6019,4.3403,-31.0211
6.000000,5.0402,-1.0882,4.5321,-3.3912,6.8975,-31.5867,4.2609,-38.7980
6.016667,4.6839,-2.5728,4.3441,-0.0000,5.3897,-35.8308,4.2264,-39.2237
6.033333,4.1226,-2.4689,3.2826,-2.0567,4.7271,-40.5963,4.2115,-47.5040
6.050000,6.8974,-4.6209,21.3569,-13.2293,7.2805,-44.0850,2.8052,-46.0361
6.066667,15.1684,-9.5176,21.5511,-13.2693,14.1379,-45.5011,23.3232,-31.9718
6.083333,18.8047,-11.6434,21.6351,-13.2866,19.2737,-38.1565,23.4730,-32.4706
6.100000,20.4232,-14.9186,21.6718,-21.3360,21.2917,-32.7543,22.4693,-22.7748
6.116667,21.1372,-14.2708,21.6878,-12.9902,21.8018,-29.8859,22.0338,-30.4800
6.133333,16.1384,-7.2082,4.1947,-0.0000,21.8650,-26.5034,21.8455,-21.9105
6.150000,8.0428,-4.3673,2.5070,-10.9486,18.8794,-17.6472,4.2631,-0.0000
6.166667,4.9883,-8.8435,5.1955,-22.2409,8.7137,-8.5246,0.0274,-0.0000
6.183333,4.9030,-15.5414,4.6341,-13.3832,3.7993,-6.9865,0.0000,-19.4027
6.200000,4.6615,-13.1566,4.3883,-4.5861,9.5910,-23.5203,23.6678,-40.6064
6.216667,4.4679,-8.2885,4.2817,-4.5657,17.1711,-38.3732,22.5538,-49.6984
6.233333,4.2434,-4.4674,0.0356,-0.0000,20.0386,-41.4242,22.0723,-40.1598
6.250000,1.8497,-1.9337,0.0155,-0.0000,15.7945,-35.3678,4.3615,-21.8492
6.266667,0.8062,-0.8370,0.0067,-0.0000,7.1181,-19.6054,0.0701,-4.4629
6.283333,0.3517,-0.3641,0.0000,-0.0000,3.1219,-11.9390,0.0306,-4.0738
6.300000,0.1522,-1.1268,0.0000,-0.2106,1.3624,-7.5759,0.0133,-4.3434
6.316667,0.0659,-0.5640,0.0000,-0.0914,0.5934,-6.2262,0.0000,-11.6311
6.333333,0.0287,-0.5539,0.0000,-3.6621,0.2582,-13.7649,0.0000,-31.5607
6.350000,0.0124,-0.8861,0.0000,-0.0000,2.5485,-27.9909,4.8558,-41.0514
6.366667,0.0054,-0.3835,0.0000,-0.0000,3.7226,-31.3571,4.4846,-31.4514
6.383333,1.6839,-1.9529,5.5805,-6.1634,3.6389,-25.7802,0.1241,-4.8340
6.400000,3.6107,-4.0100,4.7990,-5.2500,1.6201,-11.7244,0.0538,-0.1232
6.416667,4.1618,-4.5697,4.4599,-4.8537,0.7102,-5.0830,0.0000,-0.0000
6.433333,4.2774,-2.9169,4.3133,-0.1324,1.3918,-6.8387,4.5246,-21.2030
6.450000,4.2745,-2.5570,4.2492,-3.9371,3.1020,-10.4529,4.3408,-12.9325
6.466667,4.2501,-3.4654,4.2213,-4.2841,3.7757,-12.5326,4.2611,-20.9628
6.483333,3.4235,-2.7946,2.7009,-2.4236,4.0375,-12.5741,4.2266,-12.8259
6.500000,7.1030,-1.4412,11.7670,-0.0000,6.8087,-19.0148,20.0420,-37.1120
6.516667,9.9908,-1.6286,12.4367,-3.4555,15.8197,-29.1068,22.4697,-31.1586
6.533333,11.4770,-3.1984,12.7262,-3.1947,15.4418,-25.7182,13.2856,-13.4564
6.550000,12.2313,-3.4742,12.8529,-3.9620,9.9611,-15.0748,4.3456,-4.6179
6.566667,8.6512,-1.7758,0.0000,-0.0000,6.7464,-9.1303,4.2632,-4.5794
6.583333,3.7635,-0.7725,0.0000,-0.0000,5.3306,-9.1460,4.2276,-12.6358
6.600000,1.6291,-0.3344,0.0000,-0.0000,6.5351,-15.0058,12.1909,-28.9774
6.616667,0.7052,-0.1447,0.0000,-0.0000,14.9469,-20.7432,29.6562,-22.4215
6.633333,0.3068,-0.8213,0.0000,-10.0707,17.2020,-19.2941,12.6038,-5.8318
6.650000,0.4495,-8.3735,0.5513,-13.0131,14.6651,-16.3159,12.7998,-14.8950
6.666667,0.3942,-11.0637,0.2392,-13.1755,13.6380,-14.5109,12.8848,-5.2420
6.683333,0.2580,-6.2802,0.1043,-0.0000,13.2257,-9.7317,12.9216,-12.6740
6.700000,0.1429,-3.0855,0.0000,-3.0075,16.7312,-11.3579,19.5085,-3.1023
6.716667,0.2191,-9.9719,0.8072,-21.9024,24.9849,-9.6762,29.9333,-4.8809
6.733333,3.1050,-20.3307,5.5908,-23.0723,27.8856,-6.8998,30.2247,-4.6943
6.750000,4.2296,-21.6759,4.8035,-22.4936,29.2584,-5.6193,30.3522,-4.6126
6.766667,4.4313,-26.1950,4.4618,-30.5033,29.8988,-5.0355,30.4076,-4.5772
6.783333,4.3953,-31.2821,4.3142,-38.7435,30.1949,-3.2838,30.4315,-0.0118
6.800000,4.3259,-33.7752,4.2495,-30.4501,28.2930,-1.4257,21.6920,-0.0051
6.816667,5.7285,-35.3214,12.1528,-45.9610,17.4405,-0.6182,0.0000,-0.0000
6.833333,7.5883,-35.7757,3.3407,-31.1715,9.0929,-0.3729,3.3427,-0.3588
6.850000,6.5862,-33.9779,4.8353,-32.0264,6.0075,-0.2913,3.8280,-0.1557
6.866667,5.4629,-32.6196,4.4757,-31.3321,4.8477,-0.1437,4.0386,-0.0000
6.883333,4.8491,-31.7841,4.3202,-31.0320,4.4234,-0.0625,4.1296,-0.0000
6.900000,3.9572,-29.5102,0.0522,-21.4599,2.3463,-0.0271,0.0000,-0.0000
6.916667,1.7216,-20.7433,0.0000,-11.7022,1.0156,-0.0117,0.0000,-0.0000
6.933333,1.1926,-15.2267,1.0445,-13.9778,0.4418,-0.0051,0.0000,-0.0000
6.950000,0.8944,-14.3794,0.4532,-13.5941,0.2933,-0.1254,0.0000,-0.2181
6.966667,0.5512,-9.3755,0.1966,-4.6776,0.1270,-0.1332,0.0000,-0.0946
6.983333,0.3109,-5.2082,0.0857,-0.0556,0.0552,-0.0922,0.0000,-0.0413
7.000000,0.1656,-2.2745,0.0372,-0.0241,0.0239,-0.0549,0.0000,-0.0179
7.016667,0.0852,-0.9933,0.0161,-0.0105,0.0103,-0.0284,0.0000,-0.0000
7.033333,0.0394,-0.4331,0.0000,-0.0000,0.0045,-0.0124,0.0000,-0.0000
7.050000,0.0170,-0.1875,0.0000,-0.0000,0.0408,-0.0054,2.0014,-0.0000
7.066667,0.0074,-0.0811,0.0000,-0.0000,5.7234,-0.2416,20.9985,-0.4560
7.083333,0.0032,-0.0353,0.0000,-0.0000,14.4960,-0.2700,21.3941,-0.1989
7.100000,0.0014,-0.0153,0.0000,-0.0000,18.4709,-0.1889,21.5673,-0.0863
7.116667,0.0006,-0.0066,0.0000,-0.0000,20.2542,-0.1033,21.6424,-0.0000
7.133333,0.0003,-0.0029,0.0000,-0.0000,17.1142,-0.0449,4.1749,-0.0000
7.150000,0.0001,-0.0012,0.0000,-0.0000,7.9950,-0.0194,0.0000,-0.0000
7.166667,0.0000,-0.0005,0.0000,-0.0000,5.0327,-0.4568,3.3284,-4.9320
7.183333,0.0000,-0.0002,0.0000,-0.0000,4.2470,-2.9075,3.8199,-4.7166
7.200000,0.0000,-0.0001,0.0000,-0.0000,4.0827,-4.7823,4.0351,-12.4809
7.216667,0.0000,-0.0000,0.0000,-0.0000,4.0895,-7.5163,4.1285,-4.1946
7.233333,0.0000,-0.0000,0.0000,-0.0000,4.1261,-5.3518,4.1688,-3.4246
7.250000,0.0000,-0.0000,0.0000,-0.0000,1.9472,-2.9298,0.0000,-2.5603
7.266667,0.0000,-0.0000,0.0000,-0.0000,1.0034,-5.7772,0.8243,-13.6663
7.283333,0.8952,-0.7987,1.8443,-1.5964,0.7347,-14.5606,0.3594,-23.3579
7.300000,1.0553,-0.9238,0.8002,-0.6927,0.4482,-19.2817,0.1560,-22.6174
7.316667,0.7465,-0.6177,0.3472,-0.0000,0.2505,-19.0510,0.0677,-13.5462
7.333333,0.4503,-0.2687,0.1514,-0.0000,0.1334,-18.8050,0.0295,-21.5197
7.350000,0.2497,-0.1163,0.0657,-0.0000,0.0684,-13.1003,0.0128,-0.0000
7.366667,0.1239,-0.5520,0.0000,-2.8761,0.0343,-5.6705,0.0056,-0.0000
7.383333,3.7689,-4.8692,20.8609,-13.6997,0.0169,-2.4669,0.0024,-0.0000
7.400000,18.4555,-13.0252,31.1458,-14.4518,0.0082,-1.0678,0.0011,-0.0000
7.416667,25.5101,-13.5981,30.7519,-13.7997,0.0039,-0.4622,0.0005,-0.0000
7.433333,28.4102,-13.6104,30.5816,-13.5179,0.0019,-0.6835,0.0000,-2.1008
7.450000,29.6147,-14.8394,30.5071,-12.7569,0.0008,-4.0600,0.0000,-12.8147
7.466667,21.5697,-7.0288,12.9748,-0.0000,0.3906,-3.5666,0.5208,-0.0000
7.483333,10.6381,-3.0577,0.0108,-0.0000,0.3583,-1.5516,0.2271,-0.0000
7.500000,4.6087,-1.3236,0.0047,-0.0000,0.2373,-0.6716,0.0985,-0.0000
7.516667,1.9966,-0.5729,0.0020,-0.0000,0.1384,-0.2907,0.0428,-0.0000
7.533333,0.8693,-0.2492,0.0009,-0.0000,0.0747,-0.1265,0.0000,-0.0000
7.550000,0.3766,-0.1079,0.0004,-0.0000,0.2132,-1.5731,0.5248,-5.1529
7.566667,0.1632,-0.0467,0.0002,-0.0000,0.2823,-3.4797,0.2277,-4.8116
7.583333,0.0710,-0.0203,0.0001,-0.0000,0.2052,-2.6310,0.0993,-0.1141
7.600000,0.0308,-0.0088,0.0000,-0.0000,0.1248,-1.2881,0.0431,-0.0000
7.616667,0.0133,-0.0038,0.0000,-0.0000,0.0696,-0.5575,0.0187,-0.0000
7.633333,0.0058,-0.0017,0.0000,-0.0000,3.8205,-3.3073,2.9890,-1.8591
7.650000,0.0025,-0.0007,0.0000,-0.0000,2.0780,-1.7586,0.0000,-0.0000
7.666667,0.0011,-0.0003,0.0000,-0.0000,0.8995,-0.7612,0.0000,-0.0000
7.683333,0.0005,-0.0001,0.0000,-0.0000,0.3913,-0.3312,0.0000,-0.0000
7.700000,0.0002,-0.0421,0.0000,-0.0550,0.1694,-0.1433,0.0000,-0.0000
7.716667,0.0001,-0.0381,0.0000,-0.0239,0.5074,-2.1733,2.7620,-10.8907
7.733333,0.0000,-0.0252,0.0000,-0.0104,8.9023,-21.1229,14.9086,-41.6873
7.750000,0.0000,-0.0147,0.0000,-0.0045,10.2953,-25.3447,5.9851,-22.9773
7.766667,0.0000,-0.0080,0.0000,-0.0020,7.4848,-23.8119,4.9745,-22.4523
7.783333,0.0000,-0.0039,0.0000,-0.0000,5.9091,-22.9620,4.5377,-22.2254
7.800000,0.0000,-0.0017,0.0000,-0.0000,5.0621,-21.4798,4.3465,-13.3761
7.816667,0.0000,-0.0007,0.0000,-0.0000,4.6262,-19.4307,4.2636,-12.6890
7.833333,0.0000,-0.0003,0.0000,-0.0000,2.4420,-10.3820,0.0277,-0.0000
7.850000,0.5132,-0.0001,3.3517,-0.0000,1.0671,-4.4939,0.0120,-0.0000
7.866667,7.9732,-0.0001,22.6497,-0.0000,0.4662,-1.9452,0.0052,-0.0000
7.883333,5.8408,-0.2679,0.4141,-0.0000,0.2047,-0.8462,0.0023,-0.0000
7.900000,2.6781,-0.1160,0.1797,-0.0000,0.0894,-0.8287,0.0010,-0.0000
7.916667,1.2243,-0.0502,0.0780,-0.0000,0.0388,-1.3398,0.0000,-1.6153
7.933333,0.5608,-0.0218,0.0340,-0.0000,0.1439,-0.6504,0.0000,-0.0744
7.950000,0.2551,-0.8007,0.0147,-3.5322,0.0623,-0.3085,0.0000,-0.0323
7.966667,0.1157,-6.1131,0.0064,-12.2985,0.0270,-0.1452,0.0000,-0.0140
7.983333,0.0510,-18.1197,0.0000,-28.7053,0.0117,-0.0638,0.0000,-0.0000
8.000000,0.3702,-29.2724,0.5806,-39.7224,0.0051,-0.0276,0.0000,-0.0000
8.016667,0.3705,-35.1637,0.2519,-39.6248,0.0022,-0.0120,0.0000,-0.0000
8.033333,0.2523,-36.0118,0.1099,-38.8779,1.2387,-6.4986,3.1639,-19.6281
8.050000,0.1490,-34.1366,0.0477,-21.7584,2.5430,-18.1624,3.7505,-31.0373
8.066667,0.0817,-19.9446,0.0207,-0.0000,3.3200,-29.7226,4.0050,-30.4376
8.083333,0.0392,-10.4607,0.0000,-11.0839,3.7466,-32.6541,4.1150,-38.6978
8.100000,2.1029,-17.2267,6.0029,-23.6618,3.9730,-33.0804,4.1631,-30.4302
8.116667,3.9451,-18.9939,4.9822,-13.9993,1.8807,-23.3613,0.0000,-3.9242
8.133333,4.3720,-16.0300,4.5411,-13.6049,0.8182,-16.9298,0.0000,-19.6796
8.150000,4.3980,-13.2224,4.3480,-12.5138,0.8361,-21.2645,3.8384,-31.3448
8.166667,4.3393,-9.0999,4.2642,-4.2089,2.6130,-26.8698,4.0431,-31.0364
8.183333,2.3513,-4.3775,0.0280,-0.0000,3.4528,-28.0721,4.1316,-30.3290
8.200000,1.0279,-1.8948,0.0121,-0.0000,3.8518,-28.0058,4.1703,-21.8456
8.216667,0.4493,-0.8202,0.0053,-0.0000,6.1462,-28.4371,12.2000,-29.3681
8.233333,0.1974,-0.3568,0.0023,-0.0000,6.0979,-23.5460,13.7170,-22.9603
8.250000,0.0863,-0.1544,0.0010,-0.0000,15.4639,-19.8790,23.0112,-13.6949
8.266667,0.0377,-0.0669,0.0004,-0.0000,19.4754,-11.5846,22.2689,-4.7214
8.283333,0.0166,-0.0291,0.0002,-0.0000,20.9380,-6.2628,21.9481,-0.0747
8.300000,0.0072,-0.0126,0.0000,-0.0000,21.4600,-2.7379,21.8076,-0.0324
8.316667,0.2008,-0.3125,0.8422,-6.2779,21.6351,-1.1969,21.7467,-0.0141
8.333333,0.3920,-3.3316,0.3673,-5.3034,18.3688,-0.5258,4.2204,-0.0061
8.350000,0.3027,-3.9040,0.1593,-0.3269,8.4422,-0.2298,0.0088,-0.0027
8.366667,0.1887,-1.8082,0.0691,-0.1418,3.6575,-0.1004,0.0038,-0.0012
8.383333,0.1071,-0.8379,0.0301,-0.0618,1.5925,-0.0441,0.0017,-0.0005
8.400000,0.0573,-0.4879,0.0131,-2.9030,0.6899,-0.0192,0.0007,-0.0000
8.416667,0.0251,-1.3511,0.0000,-3.2104,0.2989,-0.0083,0.0003,-0.0000
8.433333,2.3769,-12.1786,6.0001,-23.6095,0.1301,-0.0036,0.0001,-0.0000
8.450000,4.0626,-14.0846,4.9810,-13.9766,0.0564,-0.0016,0.0000,-0.0000
8.466667,4.4233,-13.1320,4.5389,-4.8436,0.0902,-0.0379,1.0167,-0.4982
8.483333,4.4197,-8.3896,4.3478,-4.6780,0.4070,-0.7510,0.4433,-1.5379
8.500000,3.3055,-4.5068,0.0641,-0.0555,0.3367,-0.8819,0.1923,-0.6673
8.516667,1.4540,-1.9709,0.0278,-0.0241,0.2154,-0.6234,0.0835,-0.2895
8.533333,0.6426,-0.8661,0.0121,-0.0105,0.1239,-0.3153,0.0364,-0.0000
8.550000,0.2825,-0.3750,0.0053,-0.0000,0.0588,-0.5179,0.0000,-2.3258
8.566667,0.1242,-0.1623,0.0023,-0.0000,2.4738,-10.8618,15.0278,-32.2565
8.583333,0.0549,-0.0706,0.0010,-0.0000,9.1441,-22.6531,13.8560,-31.4351
8.600000,0.0240,-0.0306,0.0000,-0.0000,11.6306,-24.9775,13.3431,-22.3256
8.616667,0.0104,-0.0132,0.0000,-0.0000,12.5212,-23.4169,13.1206,-22.1696
8.633333,0.0045,-0.0058,0.0000,-0.0000,14.8799,-27.6721,28.7761,-45.9670
8.650000,0.0020,-0.0025,0.0000,-0.0000,22.7345,-31.4353,31.4366,-31.4583
8.666667,0.0008,-0.0011,0.0000,-0.0000,22.7518,-26.0577,13.3780,-13.5856
8.683333,0.0004,-0.0005,0.0000,-0.0000,17.3689,-15.9474,13.1366,-4.6746
8.700000,0.4758,-0.0002,2.7163,-0.0000,14.9303,-9.5285,13.0310,-4.6040
8.716667,2.0507,-0.0001,3.5562,-0.0000,13.8365,-8.4360,12.9851,-12.5368
8.733333,3.0321,-0.0000,3.9193,-0.0000,13.3484,-7.7183,12.9653,-11.9821
8.750000,3.5928,-0.0000,4.0782,-0.0000,15.4208,-9.5157,22.2544,-13.2659
8.766667,3.8931,-0.0000,4.1472,-0.0000,16.0959,-5.8853,4.0023,-0.0000
8.783333,4.0474,-0.0000,4.1770,-0.0000,9.3036,-2.5603,4.1138,-0.0000
8.800000,3.3826,-0.0000,0.0000,-0.0000,6.3779,-1.1082,4.1626,-0.0000
8.816667,1.4642,-0.0000,0.0000,-0.0000,10.7242,-3.6322,20.3761,-11.5356
8.833333,0.6370,-0.0000,0.0000,-0.0000,17.1424,-5.6858,13.8106,-0.7272
8.850000,0.3801,-0.0425,0.8715,-0.3407,13.7815,-2.7244,4.5734,-0.3155
8.866667,0.4801,-0.1418,0.3781,-0.1478,8.4826,-1.2935,4.3620,-0.1369
8.883333,0.3456,-0.1116,0.1649,-0.0000,6.1217,-0.6122,4.2706,-0.0597
8.900000,0.2093,-0.0483,0.0715,-0.0000,6.8312,-2.5928,12.2018,-11.3078
8.916667,0.1165,-0.0209,0.0310,-0.0000,21.3252,-16.7109,38.9308,-29.9522
8.933333,0.0619,-0.0091,0.0135,-0.0000,31.3265,-24.1930,39.0826,-21.6803
8.950000,0.0317,-0.0039,0.0059,-0.0000,28.0014,-15.1968,12.8991,-0.0000
8.966667,0.0158,-0.0017,0.0025,-0.0000,14.5043,-6.5780,4.1779,-0.0000
8.983333,0.0075,-0.6347,0.0000,-2.9382,8.6747,-4.5803,4.1904,-3.9708
9.000000,0.0033,-8.8793,0.0000,-11.6185,10.8624,-13.3123,20.2823,-19.9431
9.016667,0.0014,-9.2619,0.0000,-3.8205,23.9065,-25.1583,31.5299,-31.6778
9.033333,0.0006,-5.2047,0.0000,-0.0000,25.4993,-26.4244,22.1709,-22.4328
9.050000,0.0003,-2.2529,0.0000,-0.0000,23.5150,-24.0821,21.9043,-22.2161
9.066667,0.0001,-0.9752,0.0000,-0.0000,22.5596,-27.1771,21.7886,-30.3877
9.083333,0.0000,-0.4242,0.0000,-0.0000,27.3867,-37.4358,37.8951,-54.9073
9.100000,0.0000,-0.1836,0.0000,-0.0000,32.8449,-44.6205,40.4166,-48.6422
9.116667,0.0000,-0.0795,0.0000,-0.0000,25.5894,-36.1831,13.4778,-22.1985
9.133333,0.0000,-0.0346,0.0000,-0.0000,18.6395,-28.2521,13.1802,-22.1147
9.150000,0.1441,-0.0150,1.6380,-0.0000,15.4960,-24.7580,13.0499,-22.0781
9.166667,1.5167,-0.0065,3.0884,-0.0000,14.0882,-23.2324,12.9933,-22.0622
9.183333,1.7525,-0.0028,0.0000,-0.0000,13.4608,-19.0789,12.9689,-21.1136
9.200000,0.7586,-0.0012,0.0000,-0.0000,18.0030,-16.5646,29.9967,-21.6822
9.216667,0.3284,-0.0005,0.0000,-0.0000,12.3313,-8.6936,4.0033,-0.0000
9.233333,0.1428,-0.0002,0.0000,-0.0000,7.6662,-3.7820,4.1142,-0.0000
9.250000,6.0199,-1.0714,23.8861,-4.9637,5.6693,-1.6371,4.1628,-0.0000
9.266667,15.7043,-3.1941,22.6485,-4.7295,4.8225,-0.7086,4.1839,-0.0000
9.283333,19.4348,-3.1993,22.1136,-0.0783,2.7379,-0.3083,0.0000,-0.0000
9.300000,20.8692,-1.4132,21.8794,-0.0340,1.1851,-0.1334,0.0000,-0.0000
9.316667,21.4054,-1.1127,21.7779,-3.6954,0.5130,-0.0578,0.0000,-0.0000
9.333333,30.9483,-10.5383,48.5211,-22.2680,0.2232,-0.0251,0.0000,-0.0000
9.350000,28.0767,-8.6374,13.1978,-4.6446,0.0966,-0.0109,0.0000,-0.0000
9.366667,19.5874,-4.8817,13.0575,-0.0410,4.5071,-0.1556,13.3891,-0.4193
9.383333,15.8764,-2.1385,12.9969,-0.0179,14.7934,-3.0851,22.8362,-1.1182
9.400000,14.2337,-0.9302,12.9703,-0.0000,10.0463,-1.7403,0.4930,-0.4852
9.416667,14.6031,-2.2540,20.8438,-11.3606,4.5271,-0.9290,0.2139,-0.2105
9.433333,14.3368,-1.9433,22.5699,-0.6056,3.1463,-0.7409,13.4190,-4.5274
9.450000,14.2123,-2.4568,5.8027,-1.4941,19.6301,-15.3132,50.0384,-32.7029
9.466667,9.1142,-1.6044,4.8954,-0.6483,36.4478,-25.0886,48.8561,-39.4100
9.483333,6.5894,-0.9325,4.5032,-0.2827,43.2739,-33.2082,48.3451,-39.4890
9.500000,5.3440,-0.5060,4.3316,-0.1226,46.0690,-36.7828,48.1214,-39.5235
9.516667,4.7428,-1.8266,4.2571,-0.0000,47.1979,-39.3711,48.0244,-38.7902
9.533333,2.2571,-0.7946,0.0249,-0.0000,49.1705,-40.4997,55.9218,-46.4173
9.550000,0.9795,-0.3440,0.0000,-0.0000,50.6669,-40.5043,47.0771,-45.3551
9.566667,0.4240,-1.6997,0.0000,-3.3255,45.7229,-46.5672,39.9985,-47.9670
9.583333,0.1844,-2.8671,0.0000,-4.0161,37.6816,-42.7399,30.7982,-39.4048
9.600000,0.0798,-6.0579,0.0000,-3.8553,33.7063,-40.8782,30.6011,-39.4870
9.616667,0.0346,-3.7253,0.0000,-0.0000,31.9142,-44.5864,30.5155,-47.8233
9.633333,0.0150,-2.1065,0.0000,-1.4985,26.0592,-37.3732,4.2286,-20.9051
9.650000,0.1893,-2.3213,0.8317,-4.7993,12.6909,-23.8793,0.0000,-11.6896
9.666667,0.3831,-3.6755,0.3608,-4.6582,5.4933,-21.9229,0.0000,-13.6298
9.683333,0.2972,-4.2087,0.1573,-4.5972,2.3898,-17.1706,0.0000,-13.4438
9.700000,0.1856,-4.4193,0.0683,-4.5705,1.0344,-15.0275,0.0000,-13.3624
9.716667,1.4275,-8.7020,13.4320,-30.7220,2.4271,-18.5576,11.2943,-28.6612
9.733333,12.3154,-25.4758,23.0992,-40.6815,13.8830,-29.0143,23.4703,-32.2547
9.750000,11.4858,-22.6650,4.8071,-13.7909,14.8607,-22.8203,13.7181,-5.1812
9.766667,7.5735,-12.6083,4.4634,-4.7630,10.4236,-10.2716,4.5332,-0.2738
9.783333,5.7629,-12.7115,4.3149,-12.9546,7.0280,-4.5675,4.3453,-0.1194
9.800000,4.9181,-11.1856,4.2498,-12.5220,6.8018,-4.8337,12.1778,-11.8867
9.816667,4.5289,-13.7831,4.2216,-20.9219,16.5364,-10.6666,31.2868,-22.6054
9.833333,6.8169,-14.7023,2.7547,-2.8299,29.7633,-21.6033,40.5731,-23.3363
9.850000,18.3914,-16.0143,30.4979,-14.6776,28.0487,-14.5053,22.2957,-5.1081
9.866667,25.2477,-14.9737,30.4708,-13.8977,19.7406,-6.8359,13.2085,-0.2421
9.883333,28.1944,-14.2443,30.4591,-13.5606,15.9976,-3.0614,13.0627,-0.1056
9.900000,31.6402,-18.5554,46.2208,-37.2507,14.3100,-3.5314,12.9989,-4.1487
9.916667,43.4212,-23.3023,55.4687,-13.7188,10.3761,-2.5424,0.0212,-0.0000
9.933333,51.4876,-18.8142,57.2718,-14.5693,5.7983,-1.1571,4.9994,-0.4658
9.950000,54.6508,-19.0605,56.9481,-21.9631,5.1813,-0.6695,4.5468,-0.2021
9.966667,55.9028,-20.7245,56.8076,-22.0123,4.7503,-0.3630,4.3505,-0.0877
9.983333,59.2373,-22.8212,68.4737,-37.3164,4.4939,-0.1896,4.2656,-0.0382
10.000000,65.1262,-32.5307,69.8746,-39.7464,3.6408,-0.0959,0.0285,-0.0166
